{
    "best_node": {
        "car_config": {
            "impatience_time_max": 360.0,
            "impatience_time_min": 120.0,
            "reflex_max": 5.0,
            "reflex_min": 1.0,
            "rush_ratio_max": 0.0,
            "rush_ratio_min": 0.0,
            "speed_max": 20.0,
            "speed_min": 10.0
        },
        "car_light": {
            "green_time": 7.0448455810546875,
            "initial_color": 2,
            "red_time": 5.388895034790039,
            "yellow_green_time": 65.46446228027344,
            "yellow_red_time": 0.20582661032676697
        },
        "pedestrian_config": {
            "impatience_time_max": 120.0,
            "impatience_time_min": 30.0,
            "reflex_max": 3.0,
            "reflex_min": 0.5,
            "rush_ratio_max": 0.0,
            "rush_ratio_min": 0.0,
            "speed_max": 5.0,
            "speed_min": 1.0
        },
        "pedestrian_light": {
            "green_time": 5.300338268280029,
            "initial_color": 3,
            "red_time": 0.31289756298065186,
            "yellow_green_time": 20.292194366455078,
            "yellow_red_time": 4.99088716506958
        },
        "score": {
            "accident_count": 0,
            "casualties_count": 0,
            "score": 15.306500434875488,
            "waiting_time": 15306.5
        }
    },
    "score_avg": [
        1253473.5,
        907310.125,
        692004.4375,
        557957.6875,
        441533.53125,
        363815.46875,
        330853.9375,
        296069.5625,
        268395.15625,
        258541.125,
        241621.375,
        213822.953125,
        206639.890625,
        211978.59375,
        208881.21875,
        199974.234375,
        184658.25,
        190770.515625,
        188934.984375,
        196744.359375,
        205459.34375,
        191581.046875,
        195477.734375,
        179811.484375,
        189415.6875,
        185599.6875,
        192910.078125,
        193082.78125,
        192113.953125,
        182601.546875,
        181414.0625,
        187998.765625,
        176026.125,
        180356.390625,
        175283.4375,
        173723.34375,
        186234.15625,
        185924.765625,
        183494.5625,
        184473.078125,
        188264.96875,
        176983.640625,
        176575.1875,
        181569.609375,
        182926.3125,
        189995.765625,
        179747.796875,
        183270.75,
        195498.453125,
        182624.359375,
        188122.453125,
        178773.15625,
        193337.40625,
        183664.890625,
        181378.921875,
        186694.546875,
        190449.984375,
        191884.9375,
        180666.28125,
        184508.5,
        183728.890625,
        176607.0625,
        187681.984375,
        188899.953125,
        195831.984375,
        182362.6875,
        176379.625,
        193432.171875,
        190233.140625,
        188519.859375,
        186286.96875,
        182350.765625,
        178043.0625,
        185847.1875,
        182241.546875,
        181890.203125,
        186050.5625,
        179607.90625,
        184291.125,
        186183.1875,
        178408.21875,
        183280.234375,
        185616.359375,
        180731.890625,
        183872.84375,
        186574.3125,
        188205.78125,
        191668.4375,
        179664.734375,
        183878.359375,
        183698.4375,
        186479.890625,
        182265.859375,
        182300.53125,
        179870.3125,
        183194.203125,
        190309.0625,
        183620.078125,
        193340.828125,
        189599.640625,
        179335.21875,
        184462.296875,
        184310.625,
        182649.40625,
        177359.359375,
        171682.5625,
        179707.609375,
        175616.828125,
        186572.28125,
        182426.90625,
        187177.828125,
        184910.453125,
        185296.828125,
        187143.375,
        184402.96875,
        189540.75,
        202824.28125,
        193077.71875,
        182761.296875,
        172325.40625,
        189285.578125,
        169553.71875,
        181419.015625,
        177577.6875,
        187684.90625,
        198805.46875,
        183242.15625,
        184414.28125,
        187490.21875,
        191310.359375,
        191546.453125,
        187353.859375,
        180666.28125,
        188961.828125,
        179991.875,
        185246.96875,
        188327.40625,
        197032.515625,
        186049.765625,
        180022.53125,
        184468.71875,
        177853.8125,
        175632.171875,
        175129.40625,
        185534.078125,
        191526.78125,
        181112.21875,
        182767.953125,
        191082.21875,
        194127.859375,
        193332.84375,
        186102.28125,
        199493.84375,
        179085.09375,
        182652.15625,
        183658.484375,
        177062.640625,
        187186.359375,
        180233.046875,
        182618.375,
        182859.703125,
        183995.4375,
        194470.25,
        195184.171875,
        177321.453125,
        180990.859375,
        177536.53125,
        170005.546875,
        180383.21875,
        174633.46875,
        191168.390625,
        180139.546875,
        166813.28125,
        178885.25,
        181993.453125,
        175250.421875,
        175056.28125,
        182044.0,
        181773.03125,
        185726.546875,
        174519.828125,
        184887.0625,
        179089.03125,
        181816.234375,
        170170.53125,
        177447.453125,
        180472.734375,
        183807.609375,
        188151.8125,
        187340.75,
        178564.609375,
        178533.03125,
        164562.515625,
        179884.78125,
        184406.65625,
        180937.59375,
        178679.84375,
        178246.125,
        185904.609375,
        178578.515625,
        194270.53125,
        178047.953125,
        189153.84375,
        184747.15625,
        179157.640625,
        167069.15625,
        191320.890625,
        172653.703125,
        173371.9375,
        175155.53125,
        182978.265625,
        168728.78125,
        173804.09375,
        190179.78125,
        175850.3125,
        183124.046875,
        172935.015625,
        176551.9375,
        165081.9375,
        184283.859375,
        182460.984375,
        177268.109375,
        180069.171875,
        176480.953125,
        185718.125,
        178975.6875,
        181426.53125,
        175257.015625,
        184415.4375,
        176630.578125,
        178302.953125,
        164361.171875,
        172885.90625,
        173829.5,
        165394.171875,
        174800.0625,
        178811.578125,
        170677.375,
        196959.6875,
        181574.71875,
        172050.640625,
        174914.65625,
        174307.28125,
        179774.9375,
        175272.59375,
        186585.421875,
        174626.8125
    ],