{
    "best_node": {
        "car_config": {
            "impatience_time_max": 360.0,
            "impatience_time_min": 120.0,
            "reflex_max": 5.0,
            "reflex_min": 1.0,
            "rush_ratio_max": 0.0,
            "rush_ratio_min": 0.0,
            "speed_max": 20.0,
            "speed_min": 10.0
        },
        "car_light": {
            "green_time": 7.293540000915527,
            "initial_color": 2,
            "red_time": 34.58610153198242,
            "yellow_green_time": 35.76864242553711,
            "yellow_red_time": 54.04703903198242
        },
        "pedestrian_config": {
            "impatience_time_max": 120.0,
            "impatience_time_min": 30.0,
            "reflex_max": 3.0,
            "reflex_min": 0.5,
            "rush_ratio_max": 0.0,
            "rush_ratio_min": 0.0,
            "speed_max": 5.0,
            "speed_min": 1.0
        },
        "pedestrian_light": {
            "green_time": 29.245811462402344,
            "initial_color": 0,
            "red_time": 10.111642837524414,
            "yellow_green_time": 0.8312587141990662,
            "yellow_red_time": 3.3976049423217773
        },
        "score": {
            "accident_count": 0,
            "casualties_count": 0,
            "score": 47.98550033569336,
            "waiting_time": 47985.5
        }
    },
    "score_avg": [
        17706746.0,
        11228950.0,
        7427770.5,
        5203580.5,
        3822180.0,
        2884214.75,
        2596691.5,
        2439758.5,
        2145813.75,
        1897834.5,
        1644978.875,
        1465245.875,
        1296602.75,
        1194206.625,
        1078467.0,
        1053560.5,
        1098981.25,
        1081224.25,
        1093742.0,
        1019719.5625,
        1002986.1875,
        998139.9375,
        1054349.625,
        996826.75,
        1014853.0,
        966572.625,
        975742.1875,
        975256.9375,
        935496.5,
        971544.4375,
        945525.125,
        957956.375,
        954893.0625,
        942213.9375,
        931696.75,
        918584.0,
        889150.9375,
        882346.9375,
        890569.375,
        923113.625,
        866701.4375,
        867385.625,
        880960.0,
        876517.0625,
        888984.4375,
        854842.5,
        871289.125,
        907976.5625,
        821395.0,
        869885.0625,
        871604.875,
        805580.3125,
        837787.875,
        823461.625,
        853598.4375,
        838901.75,
        833452.1875,
        825596.125,
        800389.0625,
        774707.25,
        781592.8125,
        817453.3125,
        800113.8125,
        785323.125,
        795302.25,
        738682.25,
        773524.875,
        730335.5625,
        780600.5,
        741325.6875,
        745399.8125,
        732298.4375,
        710931.0625,
        731017.375,
        713670.9375,
        733752.875,
        752433.5625,
        721045.0625,
        694772.9375,
        677187.375,
        692959.0,
        669685.6875,
        643146.6875,
        663096.3125,
        648713.875,
        645386.125,
        638581.625,
        654886.5,
        647826.3125,
        609883.0,
        638721.625,
        623223.0625,
        656784.6875,
        656242.3125,
        620849.0,
        654856.9375,
        641348.375,
        654935.25,
        688848.4375,
        703677.0
    ],
    "score_avg_best_percent": [
        10677762.0,
        7134962.5,
        4516127.0,
        3196303.5,
        2369755.25,
        1880450.5,
        1599905.5,
        1361842.5,
        1122330.625,
        930705.6875,
        789035.125,
        689234.5625,
        553889.0,
        476658.125,
        446573.28125,
        426607.09375,
        458046.5,
        402007.09375,
        432083.65625,
        425124.53125,
        386969.46875,
        412814.75,
        403936.0625,
        382175.5,
        366398.53125,
        366027.75,
        380744.0625,
        363810.5625,
        359447.9375,
        357989.65625,
        361096.0,
        313821.5625,
        363676.65625,
        356469.59375,
        355228.6875,
        343921.84375,
        331832.90625,
        339234.59375,
        309833.59375,
        322893.75,
        324394.4375,
        303895.875,
        320639.15625,
        316138.09375,
        318152.71875,
        310303.15625,
        282556.40625,
        346724.03125,
        303116.53125,
        286179.4375,
        294320.0,
        288666.8125,
        279634.25,
        281422.40625,
        299947.5,
        262384.15625,
        294139.40625,
        285688.21875,
        255461.0,
        247074.8125,
        239931.578125,
        258353.6875,
        245143.5625,
        220604.546875,
        224454.015625,
        217841.109375,
        210440.171875,
        178579.375,
        204360.21875,
        180466.171875,
        182067.203125,
        157173.5625,
        125793.796875,
        143634.109375,
        107606.3515625,
        115062.0625,
        145586.578125,
        99662.453125,
        45025.16015625,
        44857.64453125,
        49958.97265625,
        26642.4921875,
        18305.984375,
        9221.58984375,
        3799.55859375,
        69.46649169921875,
        68.7831802368164,
        67.86515808105469,
        67.08326721191406,
        65.85652923583984,
        64.74231719970703,
        63.86061096191406,
        62.888545989990234,
        62.21965408325195,
        60.948978424072266,
        59.87890625,
        58.9802360534668,
        57.90312576293945,
        57.14845275878906,
        56.52021789550781
    ],